-- Insert into usuaris
INSERT INTO public.usuaris (id_usuaris, rol, username, email, bio, telefono, contrasenya, rang, data_de_registre) VALUES
(1, 1, 'user1', 'user1@example.com', 'Bio of user1', '1234567890', 'password1', 1, '2025-01-01'),
(2, 2, 'user2', 'user2@example.com', 'Bio of user2', '0987654321', 'password2', 2, '2025-01-02');

-- Insert into torneig
INSERT INTO public.torneig (id_torneig, nom, joc, usuari_organitzador, competitiu, virtual, format, premi, data_d_inici, data_final) VALUES
(1, 'Tournament A', 'Game A', 1, true, false, 'Format A', 'Prize A', '2025-01-01', '2025-01-31'),
(2, 'Tournament B', 'Game B', 2, false, true, 'Format B', 'Prize B', '2025-02-01', '2025-02-28');

-- Insert into emparallaments
INSERT INTO public.emparallaments (id_emperallent, id_usuari1, resultat_usuari_1, id_usuari2, resultat_usuari_2) VALUES
(1, 1, 'Win', 2, 'Lose'),
(2, 1, 'Lose', 2, 'Win');

-- Insert into estadistiques
INSERT INTO public.estadistiques (id_estats, id_usuari, partides_jugades, partides_guanyades, tornejos_jugats, tornejos_guanyats) VALUES
(1, 1, 10, 7, 3, 1),
(2, 2, 8, 5, 2, 0);

-- Insert into format
INSERT INTO public.format (id_format, nom, joc, jugadors, temps, regles) VALUES
(1, 'Format A', 'Game A', 4, '01:00:00', 'Rule A'),
(2, 'Format B', 'Game B', 2, '00:30:00', 'Rule B');

-- Insert into puntuacio
INSERT INTO public.puntuacio (id_puntuacio, id_torneig, id_usuari, victories, derrotes, punts) VALUES
(1, 1, 1, 5, 2, 15),
(2, 1, 2, 3, 4, 9);

-- Insert into rang
INSERT INTO public.rang (id_rang, nom, descripcio) VALUES
(1, 'Beginner', 'New player'),
(2, 'Expert', 'Experienced player');

-- Insert into rol
INSERT INTO public.rol (id_rol, nom, permet_torneig) VALUES
(1, 'Admin', true),
(2, 'Player', false);

-- Insert into ronda
INSERT INTO public.ronda (id_ronda, id_torneig, estat, id_emparallent) VALUES
(1, 1, 'Completed', 1),
(2, 1, 'Ongoing', 2);

-- Insert into resultat
INSERT INTO public.resultat (id_resultat, id_ronda, id_usuari_guanyador) VALUES
(1, 1, 1),
(2, 2, 2);

-- Insert into subscripcio
INSERT INTO public.subscripcio (id_subscripcio, id_usuari, data_inici, data_final, tipus, estat) VALUES
(1, 1, '2025-01-01', '2025-12-31', 'Premium', 'Active'),
(2, 2, '2025-01-01', '2025-06-30', 'Basic', 'Expired');