-- Insert data into the `usuaris` table
INSERT INTO public.usuaris (id_usuaris, rol, username, email, bio, telefono, contrasenya, rang, data_de_registre)
VALUES
(1, 1, 'admin', 'admin@example.com', 'Administrator account', '123456789', 'password123', 1, '2025-01-01'),
(2, 2, 'player1', 'player1@example.com', 'Player 1 bio', '987654321', 'password123', 2, '2025-01-02'),
(3, 2, 'player2', 'player2@example.com', 'Player 2 bio', '555555555', 'password123', 2, '2025-01-03'),
(4, 2, 'player3', 'player3@example.com', 'Player 3 bio', '444444444', 'password123', 2, '2025-03-01'),
(5, 2, 'player4', 'player4@example.com', 'Player 4 bio', '333333333', 'password123', 2, '2025-03-02'),
(6, 2, 'player5', 'player5@example.com', 'Player 5 bio', '222222222', 'password123', 2, '2025-03-03');

-- Insert data into the `torneig` table
INSERT INTO public.torneig (id_torneig, nom, joc, usuari_organitzador, competitiu, virtual, format, num_jugadors, premi, data_d_inici, data_final)
VALUES
(1, 'Tournament 1', 'PKM', 1, TRUE, FALSE, 'Swiss', 16, 'Trophy', '2025-03-01', '2025-03-05'),
(2, 'Tournament 2', 'MTG', 2, TRUE, TRUE, 'Elimin', 8, 'Gift Card', '2025-03-10', '2025-03-15'),
(3, 'Tournament 3', 'Chess', 3, TRUE, TRUE, 'Elimin', 10, 'Medal', '2025-04-01', '2025-04-23'), 
(4, 'Tournament 4', 'Poker', 4, FALSE, FALSE, 'Swiss', 20, 'Cash Prize', '2025-03-20', '2025-10-10'); 

-- Insert data into the `ronda` table
INSERT INTO public.ronda (id_ronda, id_torneig, estat, id_emparallent)
VALUES
(1, 1, 'Completed'),
(2, 2, 'In Progress');

-- Insert data into the `emparallaments` table
INSERT INTO public.emparallaments (id_emperallent, id_ronda, id_usuari1, resultat_usuari_1, id_usuari2, resultat_usuari_2)
VALUES
(1, 1, 2, 2, 3, 0),
(2, 2, 3, 1, 2, 2);

-- Insert data into the `resultat` table
INSERT INTO public.resultat (id_resultat, id_ronda, id_usuari_guanyador)
VALUES
(1, 1, 2),
(2, 2, 3);

-- Insert data into the `puntuacio` table
INSERT INTO public.puntuacio (id_puntuacio, id_torneig, id_usuari, victories, derrotes, punts)
VALUES
(1, 1, 2, 3, 1, 9),
(2, 1, 3, 2, 2, 6),
(3, 2, 2, 4, 0, 12),
(4, 1, 4, 2, 1, 6),  
(5, 1, 5, 1, 2, 3),  
(6, 1, 6, 0, 3, 0);

-- Insert data into the `estadistiques` table
INSERT INTO public.estadistiques (id_estats, id_usuari, partides_jugades, partides_guanyades, tornejos_jugats, tornejos_guanyats)
VALUES
(1, 2, 10, 6, 2, 1),
(2, 3, 8, 4, 2, 0);

-- Insert data into the `format` table
INSERT INTO public.format (id_format, nom, joc, jugadors, temps, regles)
VALUES
(1, 'Elimin', 'MTG', 16, '01:00:00', 'Standard MTG rules'),
(2, 'Swiss', 'MTG', 8, '00:30:00', 'Standard MTG rules');

-- Insert data into the `rang` table
INSERT INTO public.rang (id_rang, nom, descripcio)
VALUES
(1, 'Beginner', 'New player'),
(2, 'Intermediate', 'Experienced player');

-- Insert data into the `rol` table
INSERT INTO public.rol (id_rol, nom, permet_torneig)
VALUES
(1, 'Admin', TRUE),
(2, 'Player', FALSE);

-- Insert data into the `subscripcio` table
INSERT INTO public.subscripcio (id_subscripcio, id_usuari, data_inici, data_final, tipus, estat)
VALUES
(1, 2, '2025-01-01', '2025-12-31', 'Premium', 'Active'),
(2, 3, '2025-02-01', '2025-12-31', 'Basic', 'Active');